{
    "Constraints": {
      "MinCapacity": 1,
      "MaxCapacity": 2
    },
    "Rules": [
      {
        "Name": "ScaleOutMemoryPercentage",
        "Description": "Scale out if YARNMemoryAvailablePercentage is less than 15",
        "Action": {
          "SimpleScalingPolicyConfiguration": {
            "AdjustmentType": "CHANGE_IN_CAPACITY",
            "ScalingAdjustment": 1,
            "CoolDown": 300
          }
        },
        "Trigger": {
          "CloudWatchAlarmDefinition": {
            "ComparisonOperator": "LESS_THAN",
            "EvaluationPeriods": 1,
            "MetricName": "YARNMemoryAvailablePercentage",
            "Namespace": "AWS/ElasticMapReduce",
            "Period": 300,
            "Statistic": "AVERAGE",
            "Threshold": 15.0,
            "Unit": "PERCENT"
          }
        }
      }
    ]
    }