[
    {
      "Classification": "hadoop-env",
      "Configurations": [
        {
          "Classification": "export",
          "Properties": {
            "JAVA_HOME": "/usr/lib/jvm/java-1.8.0"
          }
        }
      ],
      "Properties": {}
    },
    {
      "Classification": "spark-env",
      "Configurations": [
        {
          "Classification": "export",
          "Properties": {
            "JAVA_HOME": "/usr/lib/jvm/java-1.8.0"
          }
        }
      ],
      "Properties": {}
    }
  ]
  