{
    "Version": "2012-10-17",
    "Statement": [{
        "Effect": "Allow",
        "Resource": "*",
        "Action": [
            "cloudwatch:*",
            "dynamodb:*",
            "ec2:Describe*",
            "elasticmapreduce:Describe*",
            "elasticmapreduce:ListClusters",
            "elasticmapreduce:ListInstanceGroups",
            "elasticmapreduce:ListInstances",
            "elasticmapreduce:ListSteps",
            "kinesis:CreateStream",
            "kinesis:DeleteStream",
            "kinesis:DescribeStream",
            "kinesis:GetRecords",
            "kinesis:GetShardIterator",
            "kinesis:MergeShards",
            "kinesis:PutRecord",
            "kinesis:SplitShard",
            "rds:Describe*",
            "s3:*",
            "sdb:*",
            "sns:*",
            "sqs:*"
        ]
    }]
}