{
    "Version": "2012-10-17",
    "Statement": [{
        "Effect": "Allow",
        "Resource": "*",
        "Action": [
            "ec2:AuthorizeSecurityGroupEgress",
            "ec2:AuthorizeSecurityGroupIngress",
            "ec2:CancelSpotInstanceRequests",
            "ec2:CreateNetworkInterface",
            "ec2:CreateSecurityGroup",
            "ec2:CreateTags",
            "ec2:DeleteNetworkInterface",
            "ec2:DeleteSecurityGroup",
            "ec2:DeleteTags",
            "ec2:DescribeAvailabilityZones",
            "ec2:DescribeAccountAttributes",
            "ec2:DescribeDhcpOptions",
            "ec2:DescribeInstanceStatus",
            "ec2:DescribeInstances",
            "ec2:DescribeKeyPairs",
            "ec2:DescribeNetworkAcls",
            "ec2:DescribeNetworkInterfaces",
            "ec2:DescribePrefixLists",
            "ec2:DescribeRouteTables",
            "ec2:DescribeSecurityGroups",
            "ec2:DescribeSpotInstanceRequests",
            "ec2:DescribeSpotPriceHistory",
            "ec2:DescribeSubnets",
            "ec2:DescribeVpcAttribute",
            "ec2:DescribeVpcEndpoints",
            "ec2:DescribeVpcEndpointServices",
            "ec2:DescribeVpcs",
            "ec2:DetachNetworkInterface",
            "ec2:ModifyImageAttribute",
            "ec2:ModifyInstanceAttribute",
            "ec2:RequestSpotInstances",
            "ec2:RevokeSecurityGroupEgress",
            "ec2:RunInstances",
            "ec2:TerminateInstances",
            "ec2:DeleteVolume",
            "ec2:DescribeVolumeStatus",
            "ec2:DescribeVolumes",
            "ec2:DetachVolume",
            "iam:GetRole",
            "iam:GetRolePolicy",
            "iam:ListInstanceProfiles",
            "iam:ListRolePolicies",
            "iam:PassRole",
            "s3:CreateBucket",
            "s3:Get*",
            "s3:List*",
            "sdb:BatchPutAttributes",
            "sdb:Select",
            "sqs:CreateQueue",
            "sqs:Delete*",
            "sqs:GetQueue*",
            "sqs:PurgeQueue",
            "sqs:ReceiveMessage"
        ]
    }]
}